city,store,billboard,printout,sat,comp,price,sales
1,1698,698,556,68,607,95,13605.61191
2,2069,1075,775,72,637,101,19142.67334
3,2271,615,772,71,761,95,15027.6234
4,1413,1158,1098,79,1183,98,16589.6591
5,2107,1175,386,77,940,97,21887.5821
6,2126,523,538,68,994,104,11786.39167
7,1856,1234,364,64,774,106,16118.90527
8,1863,943,928,72,521,97,17846.29324
9,1858,831,688,63,941,103,14714.08279
10,1777,1111,340,72,758,108,15947.78362
11,1880,1320,595,67,854,102,20287.96777
12,1750,1391,551,76,993,102,20092.36015
13,1805,699,874,74,937,104,12838.12343
14,2016,890,939,77,386,98,17236.28565
15,2239,1036,481,67,368,95,19391.23663
16,1972,1016,1056,80,1140,103,20337.55295
17,1872,888,916,66,576,98,17785.97419
18,1772,414,858,63,601,100,8853.510697
19,1790,930,866,70,576,96,16257.81064
20,2603,704,908,72,680,88,19356.98733
21,2033,1008,1043,76,669,103,19555.02976
22,1877,790,667,72,665,101,15078.24655
23,1889,970,811,66,604,99,15830.60085
24,2114,814,1498,74,1089,92,17047.72664
25,1826,897,527,65,991,100,15174.01065
26,1637,905,873,75,932,96,16064.00859
27,2143,1332,440,71,686,96,24058.52475
28,1744,1179,853,71,705,104,17116.13707
29,1996,941,1043,65,706,104,16412.21763
30,1766,693,211,66,792,101,11948.60297
31,2275,1261,653,75,701,98,24677.22492
32,1881,640,1363,72,1079,100,13580.94467
33,1822,704,606,67,594,98,12991.91374
34,1874,805,444,71,837,95,15358.91252
35,1592,756,914,77,943,97,12648.44141
36,1708,774,619,67,801,101,14034.52134
37,1454,1321,1170,61,1298,100,12962.02256
38,1664,973,1070,73,765,100,14626.10084
39,1926,821,999,70,512,111,13117.06351
40,1883,1167,443,66,638,89,19572.60162
41,2362,1049,889,66,998,91,22421.07134
42,1732,694,895,70,1068,102,12256.37036
43,1786,859,279,69,719,99,15535.10317
44,1929,1133,956,70,494,101,18097.66181
45,1751,1487,875,68,1077,95,19223.84973
46,1757,1395,535,72,810,90,23087.45101
47,1723,1209,747,65,787,100,15813.4367
48,1687,996,1311,65,597,102,15404.41082
49,1869,568,996,79,796,90,16450.13868
50,1875,817,480,75,888,105,13493.67178
51,1548,946,822,67,1024,106,12031.09734
52,1854,1122,1236,64,845,98,16533.62366
53,1722,1014,808,55,860,105,11288.21657
54,1746,1014,672,74,1063,99,15627.6853
55,1959,1459,1091,70,666,100,22200.32852
56,2140,1096,683,71,661,103,20414.72052
57,2411,929,742,70,693,99,19800.67018
58,1806,892,1013,69,825,104,13309.08356
59,2401,1023,1244,75,842,97,21921.82227
60,1710,796,593,72,823,93,15094.67954
61,2164,1342,742,73,1104,100,22923.93381
62,2637,928,782,70,801,110,17751.15006
63,1991,867,1023,73,887,102,16215.49225
64,1832,781,1185,71,865,101,13264.07387
65,1998,1233,1222,71,793,88,23817.22963
66,2444,680,743,71,935,97,17007.60235
67,1715,882,1032,74,802,104,14151.07875
68,2341,1078,581,64,1150,98,18200.85988
69,2332,972,665,60,664,99,19452.97679
70,2084,1062,500,72,920,99,19646.24363
71,2001,670,524,68,1011,97,14304.78481
72,1886,892,947,61,682,90,15488.63258
73,1908,573,983,72,695,104,12228.51843
74,2162,789,854,66,941,96,15325.50887
75,2517,1287,609,73,780,92,28211.41265
76,1961,1063,874,71,646,96,19426.14939
77,1652,1021,498,73,1058,100,16929.43754
78,1819,766,361,60,528,99,13339.80249
79,2064,860,674,64,731,99,16071.70895
80,1920,745,696,74,847,103,12968.20062
81,1955,1013,562,68,386,96,19459.14738
82,1957,1191,298,79,946,99,20207.83209
83,1656,1074,693,69,931,93,17022.74793
84,1956,845,933,59,901,101,15537.57185
85,2212,1138,996,73,633,106,22149.89133
86,2174,1096,1198,66,1024,105,21187.11392
87,2137,1210,810,78,913,104,21232.92113
88,1899,889,1369,79,921,104,16949.63256
89,1952,705,913,76,1118,104,12698.60686
90,1701,978,760,71,765,106,13040.23632
91,1986,1075,317,66,1146,94,18442.39204
92,2063,1389,1407,70,741,115,19817.85721
93,2426,982,1152,67,984,101,20994.05967
94,2250,1106,958,66,893,113,17977.50696
95,1876,979,1079,63,782,110,14532.65512
96,2088,1539,1061,70,708,105,23272.5667
97,1716,1334,1014,74,750,96,22316.41348
98,2219,941,1035,71,600,102,17817.99518
99,2243,968,1065,66,852,99,16412.47619
100,2530,994,627,71,886,99,23506.14308
101,2103,1028,732,73,1206,114,13809.66694
102,1881,858,829,71,648,101,16402.15528
103,2016,1020,586,74,789,100,17054.67275
104,1874,826,1343,62,611,100,15465.6703
105,1793,725,468,69,656,90,14872.96252
106,2041,1201,835,66,645,95,19259.86348
107,1775,1164,601,72,741,92,20119.7959
108,2042,857,822,77,1234,103,16150.42967
109,2088,1318,842,72,1003,100,21574.19028
110,1986,951,787,73,960,94,18094.40635
111,1951,929,26,67,638,107,14880.60485
112,1837,761,175,73,1176,104,14065.63412
113,1722,993,980,68,1201,102,13406.31408
114,2212,965,576,67,631,103,16329.47519
115,2005,1016,824,70,841,94,20654.83488
116,2207,1111,1000,67,850,98,18739.85162
117,1688,1226,757,80,377,102,21585.95772
118,2042,1081,621,72,974,94,19711.59638
119,2168,1248,743,66,631,113,18732.93049
120,1993,1266,1202,68,963,106,18437.13966
121,1952,267,1190,77,898,105,10309.74786
122,1804,909,1286,64,883,100,14242.34278
123,2514,1142,1175,63,930,92,22035.11639
124,2187,720,401,71,957,105,14971.04093
125,2456,759,336,75,872,107,16792.92529
126,2020,1068,816,60,625,101,17080.85779
127,1842,889,755,70,625,97,15692.62341
128,1621,567,430,81,624,102,13251.14164
129,1840,1226,301,71,746,102,20742.82107
130,2056,789,1111,74,840,96,16851.43858
131,2253,1096,1217,70,692,96,20792.95494
132,2063,1103,865,66,969,101,18205.36837
133,1707,1380,842,64,765,104,17069.05236
134,2167,1049,769,66,428,111,15890.37489
135,1587,1166,676,63,1178,94,14895.20494
136,1908,1285,452,69,1068,97,21524.392
137,1920,898,748,65,1163,106,14656.31333
138,1512,586,537,71,995,100,10905.9942
139,2230,1035,847,66,444,103,18037.37174
140,1844,1331,976,66,789,95,21182.44466
141,1916,648,727,74,910,98,14598.13738
142,2348,1253,1170,73,887,101,23311.10991
143,2159,984,1218,81,946,95,22406.62569
144,1972,1024,1109,70,910,106,17119.24022
145,2128,912,447,60,429,93,17450.68071
146,2099,1259,414,65,788,104,20189.39693
147,2415,1356,819,73,736,100,25750.05538
148,2068,1392,839,69,819,93,23180.34319
149,2126,758,968,74,505,108,16952.78422
150,2086,1189,432,74,762,100,19286.41137
151,1905,905,731,80,927,98,18291.10353
152,2024,754,887,71,666,102,14526.7799
153,2409,1097,383,69,675,99,21385.90171
154,1781,995,846,67,881,98,15805.7731
155,2030,1197,1275,70,991,96,19600.86972
156,2340,1448,420,72,609,102,26453.94935
157,1941,1259,1132,77,1035,94,21399.8264
158,1736,826,1062,72,796,100,15865.14832
159,1782,1034,1063,63,1138,99,14336.65997
160,1902,1353,1157,64,1241,98,20451.05575
161,1788,1293,805,62,1036,103,16853.69635
162,1934,603,850,75,836,102,10886.17942
163,1896,1236,552,62,877,98,19544.47135
164,1954,914,929,67,573,102,17256.12961
165,2101,843,1118,63,1043,91,16251.47461
166,2156,724,848,76,1155,95,18496.26152
167,2419,922,1093,77,753,100,21648.52243
168,1982,1172,1110,73,831,107,19386.9799
169,1919,1358,477,65,707,94,19508.79893
170,2367,1034,884,68,627,91,20758.59756
171,2426,981,681,71,1055,100,18865.74234
172,2010,949,758,70,519,100,18473.8278
173,1916,1238,758,64,1023,92,20114.29535
174,1544,729,519,68,539,100,13870.92115
175,2352,1062,1035,76,754,98,21307.81329
176,1790,1255,571,64,715,100,16548.6813
177,1719,1265,921,73,669,94,20777.09005
178,2760,1104,351,68,849,97,23372.27618
179,2058,709,707,71,749,96,15685.73778
180,1991,794,747,72,991,105,14361.18548
181,1316,819,634,70,975,97,12855.60684
182,1975,639,755,77,1144,98,14171.30016
183,2244,1010,1058,62,1034,90,19782.17449
184,2103,1305,946,71,747,100,22873.15697
185,2228,388,601,73,1186,96,13189.51686
186,2495,1189,746,69,485,104,24411.2485
187,2292,949,775,66,972,104,17244.01157
188,1872,807,705,79,734,98,16788.89845
189,2176,1192,767,74,509,92,24038.94043
190,1950,1162,726,75,1002,98,19191.91143
191,1865,1024,1334,64,916,99,16261.14182
192,1286,770,872,67,803,95,13076.54619
193,1802,823,936,60,820,96,14864.93469
194,2121,595,655,71,733,102,12642.77813
195,2542,1470,860,61,739,107,23786.5845
196,2125,961,871,60,760,93,17138.26225
197,2155,811,898,72,585,97,17905.81578
198,1758,459,845,62,841,88,11828.56066
199,2040,892,1295,67,707,103,13871.25666
200,1480,862,308,71,940,103,12038.85785
201,2121,649,936,69,647,104,14453.06259
202,2174,1595,932,73,623,100,27587.29571
203,2046,1218,621,65,987,97,21375.44206
204,2175,616,814,67,335,89,16971.65662
205,2077,1283,572,63,748,103,18613.25123
206,2190,1261,613,62,945,106,19146.09587
207,2460,1147,247,69,564,103,22428.22124
208,2278,1099,1117,67,805,96,21505.83647
209,2008,1036,663,73,895,96,20302.27293
210,1721,1154,951,64,481,99,17173.16653
211,2104,741,731,67,522,99,13531.32277
212,1899,837,1305,81,378,102,18601.25656
213,2373,749,860,71,820,106,17244.39123
214,1598,958,1354,72,712,105,15201.11823
215,1896,1036,841,64,957,101,14625.82089
216,2105,1150,1162,79,378,94,23030.25458
217,1962,1132,830,75,900,95,20695.45057
218,1848,1361,887,77,800,94,21672.60161
219,1923,1149,739,73,853,105,16754.54338
220,2157,1314,825,69,1059,91,25214.07312
221,2223,1274,979,67,938,95,22065.39705
222,2165,852,922,65,917,100,16487.45043
223,2568,1187,389,71,808,104,24169.86798
224,2293,1113,1104,66,1040,101,19567.22949
225,2071,1029,614,71,891,103,17918.18089
226,1835,774,1035,70,796,98,12272.36761
227,2729,1146,769,72,931,96,26133.69399
228,2169,1015,817,68,599,91,21873.94579
229,1828,911,930,71,971,99,15576.36862
230,2046,1230,575,65,683,106,18668.7513
231,1918,1248,783,65,761,100,17768.75006
232,1931,1218,625,68,768,107,18778.77963
233,1766,347,970,65,754,102,9015.428745
234,2029,775,883,71,312,101,15057.59906
235,2079,1234,444,77,734,95,23440.37315
236,1730,813,721,69,710,100,13453.93835
237,1191,1102,650,72,773,95,15257.73848
238,1936,1045,634,65,926,105,14642.78807
239,2007,1276,801,73,750,94,22506.22126
240,2148,822,345,69,437,96,18258.68152
241,2014,985,1281,58,734,106,14710.79069
242,2103,1086,919,72,369,96,20400.80245
243,1725,1318,316,73,728,105,19987.4037
244,2177,955,571,72,324,99,20818.09755
245,2179,1072,892,69,899,98,21547.63284
246,2062,664,226,72,894,98,13635.2113
247,2339,1158,679,69,773,104,20764.45091
248,2101,1051,795,74,907,92,20850.42407
249,2066,1159,1117,63,514,92,19315.58992
250,2067,897,1218,73,1009,102,15225.59262
251,2109,1421,1130,72,805,106,22116.09556
252,2265,965,1170,73,883,110,16565.84624
253,2113,1030,675,68,1035,104,16240.42261
254,2165,973,1084,71,773,104,17951.24716
255,1715,1211,810,72,1275,105,15580.24655
256,1907,807,1253,70,609,96,14474.9274
257,2369,1050,883,63,918,99,19413.46977
258,1694,1143,971,72,1042,100,16549.38662
259,2064,688,895,67,550,99,15694.09019
260,2101,1056,1004,63,509,107,15715.92511
261,2243,851,896,73,611,106,16655.70716
262,1912,1357,687,77,515,107,21900.97274
263,2039,1176,826,70,848,106,17193.68786
264,1559,568,1534,73,934,105,11444.44669
265,2084,1229,530,67,588,92,22596.27001
266,1833,1054,926,68,744,103,15969.73735
267,1940,859,904,75,617,90,20075.95767
268,1703,911,1051,68,606,100,15557.03834
269,2096,681,220,73,648,102,15170.16906
270,2166,1096,484,67,667,96,20736.3629
271,1923,590,832,71,752,107,11513.32661
272,2456,964,568,81,662,101,21353.73609
273,2167,1113,692,75,1042,98,20115.40573
274,2237,1020,969,79,541,102,22006.7903
275,2512,1214,791,78,753,102,26376.7147
276,1837,1012,604,73,783,106,16912.99225
277,2202,1577,727,64,950,104,22570.25633
278,2246,785,1232,72,720,107,15764.56357
279,1998,1384,1200,70,600,98,21935.06214
280,2079,596,687,65,880,95,13826.33969
281,1747,730,1186,60,738,107,8935.441078
282,2117,774,952,61,1043,98,15138.60358
283,1824,619,1023,68,545,102,13485.08875
284,2203,1371,558,74,832,103,24017.74939
285,1797,1258,415,58,669,92,17048.52697
286,2079,1342,1132,75,1166,102,22929.07628
287,1788,847,616,60,541,95,13581.54097
288,1938,1021,642,68,987,95,19188.25855
289,1611,1279,854,75,1003,112,15625.69044
290,2032,1265,387,73,609,91,21748.74847
291,2246,1140,948,71,607,95,22873.92232
292,2045,1039,1131,69,918,91,20335.75282
293,1558,708,771,71,824,105,11578.36498
294,1844,1077,367,68,675,95,16904.45651
295,2414,955,652,69,955,99,17087.62287
296,2452,836,660,70,948,102,17238.40656
297,1706,1394,1061,77,815,105,19047.91632
298,1908,824,1064,75,829,108,15147.21712
299,2088,1060,874,74,726,92,20668.0488
300,2079,1129,703,72,960,100,18003.88477
301,1855,1262,763,72,1115,108,17270.46835
302,1761,1091,968,74,972,105,16944.23745
303,1955,1493,1002,72,702,102,22812.14037
304,2252,1111,1239,68,1061,102,20874.04816
305,2005,877,495,74,808,110,15839.21338
306,1837,1025,894,72,844,106,16854.31082
307,1873,1167,864,67,594,97,18547.38212
308,2403,452,369,68,914,99,13243.43446
309,1888,976,747,65,780,94,18102.15857
310,2190,1010,661,62,305,98,18880.76913
311,2367,940,508,68,913,98,20467.81297
312,2110,1012,862,74,1051,93,20945.99647
313,1894,502,201,77,774,103,11020.1329
314,1989,1086,1068,73,942,104,18073.03524
315,1876,1000,1173,74,707,108,14814.59302
316,2306,876,1112,66,450,104,17681.43214
317,1962,283,1028,62,611,102,6536.447171
318,2387,897,861,67,835,109,15675.75448
319,1859,1029,840,70,573,95,18517.59694
320,1838,982,771,67,899,102,15854.21545
321,2035,847,609,75,863,97,16982.00097
322,2006,1080,852,72,993,91,19802.67029
323,1873,772,987,66,551,91,15062.84058
324,1604,1174,472,77,1033,99,17535.64448
325,2007,1206,737,66,711,102,19273.74052
326,1820,1239,715,63,419,101,17618.43738
327,2270,1199,875,71,801,99,22131.85017
328,1761,911,584,72,914,100,14933.70676
329,2281,993,1040,61,1062,99,18247.28937
330,1837,1311,674,69,726,95,21290.86877
331,2073,1152,1117,61,924,96,19870.90112
332,2224,1086,672,70,905,101,18731.19292
333,1870,1319,1102,68,797,108,17969.17066
334,2138,843,715,67,1242,100,15279.7411
335,1978,1006,961,64,783,111,13520.67415
336,1716,1325,869,69,723,95,18958.58422
337,1932,937,777,64,655,101,15068.68946
338,2404,1033,1173,77,803,100,23316.27527
339,1946,963,846,73,767,98,17909.01956
340,1795,1308,906,78,612,104,21823.24587
341,1986,1033,764,72,638,93,18602.29202
342,2082,1016,698,73,1018,99,17158.62091
343,2238,829,1352,83,898,100,21134.88728
344,2285,895,747,61,660,104,16748.06963
345,2025,607,835,59,828,96,11265.38812
346,2291,1102,882,64,753,85,23190.7966
347,1808,1211,843,75,731,105,18206.84655
348,1413,665,1157,62,749,104,7202.447073
349,1882,1100,507,78,716,105,18680.11612
350,1871,1082,713,76,904,98,21034.83346
351,1420,1048,515,81,523,87,19480.0684
352,2140,1017,626,59,847,101,15820.12003
353,1804,1408,923,65,1022,107,17169.28611
354,1943,1083,1011,74,773,97,19493.36604
355,1603,1350,1511,69,802,96,19116.90317
356,2136,1112,925,74,570,99,21045.84163
357,2472,1121,726,64,1055,100,18753.14481
358,1780,865,548,72,897,98,12536.29287
359,1971,1672,901,70,623,103,24412.8904
360,2487,985,1031,70,952,106,18609.38436
361,2233,875,692,76,680,96,18887.03682
362,2478,1095,866,67,1054,101,20850.72494
363,1998,1102,861,71,1081,100,19072.78696
364,1961,1180,699,63,1026,94,21211.97353
365,1872,771,995,69,1027,107,11911.12679
366,2358,965,442,61,1015,102,18989.45478
367,1678,1393,1305,66,803,105,17688.97183
368,2076,879,813,70,436,97,18757.28174
369,1988,910,906,74,653,98,18327.81008
370,2562,1152,826,68,1010,98,23262.99168
371,1847,848,468,70,632,102,14633.29523
372,1622,1283,947,75,668,101,19407.99404
373,2058,1105,771,62,1110,106,14280.01608
374,1990,1022,544,69,651,98,19684.84663
375,1790,602,895,69,940,98,12401.10249
376,2033,913,312,75,1146,96,17798.63355
377,1931,1508,1183,69,876,98,23246.00635
378,1830,928,574,65,998,98,15194.81708
379,2125,1163,769,60,821,109,16719.18736
380,1917,768,1263,66,845,94,12592.80326
381,1541,602,437,75,1318,105,10768.14472
382,1337,1177,1219,79,510,105,16625.06309
383,1854,1362,1001,77,868,95,21492.88002
384,2363,613,979,65,527,96,16348.56102
385,2209,1211,252,70,1104,98,21889.05983
386,2303,1082,739,74,791,103,20778.50663
387,2245,908,451,67,729,97,17740.13632
388,2078,1437,622,65,943,94,25472.98324
389,1623,748,909,69,1211,105,10746.55966
390,2051,970,579,65,438,100,16673.61851
391,2399,1167,1071,61,230,94,21623.86298
392,1150,729,812,65,776,104,8211.999723
393,1804,1276,403,77,332,99,22188.09742
394,2275,971,1013,74,962,100,20037.3392
395,2132,1307,649,71,768,97,21650.8704
396,2197,994,540,69,544,104,16175.09032
397,2114,816,1095,67,726,96,16373.03745
398,2134,664,879,69,1006,98,15195.85158
399,2003,656,923,71,704,105,14277.05517
400,1770,962,879,79,877,107,15827.66372
401,1693,498,625,70,1048,96,11818.4166
402,2009,610,804,69,823,101,14019.90779
403,1894,1490,755,72,1245,93,23621.55657
404,1775,955,637,75,872,97,17663.9162
405,2104,1339,377,78,673,103,23029.31561
406,2038,1412,919,72,1129,93,22705.40621
407,2365,1029,633,66,874,100,20574.56703
408,1719,1000,1129,72,491,100,17205.60215
409,1870,1049,1046,69,697,103,17199.20988
410,1981,1169,725,66,1029,95,18648.29138
411,1648,1200,881,63,656,97,15875.04048
412,1928,496,1032,74,1147,105,10871.7643
413,1822,1011,728,73,853,97,17969.5965
414,1463,1153,1555,69,689,100,16785.14539
415,1929,957,941,66,878,105,14622.47945
416,1866,1056,776,68,1065,97,14974.19446
417,2283,1223,813,65,639,100,21855.17332
418,1848,963,790,67,933,99,16287.20645
419,2139,1384,1127,69,918,93,22286.84682
420,2035,1113,1110,70,824,98,19449.54731
421,1690,601,833,69,707,108,10613.27311
422,2093,953,760,72,662,106,17252.49777
423,1973,1141,947,58,789,99,14595.51789
424,2041,1040,650,80,685,91,23382.51224
425,2164,657,814,79,842,103,15903.26121
426,2028,529,753,72,871,94,12669.7556
427,2396,982,445,62,1255,98,18367.79105
428,2028,1171,659,73,711,95,21210.82201
429,1686,822,522,58,736,99,9970.435911
430,2185,1094,1035,77,769,99,23656.27021
431,1694,1145,506,74,773,96,18281.03898
432,1520,1243,769,63,889,102,15577.01939
433,1797,1146,557,73,1249,94,17965.47317
434,1813,1061,823,69,836,102,15087.85786
435,1848,608,681,70,745,95,13286.33163
436,2401,872,1387,68,792,101,18278.74176
437,2408,1214,716,71,1081,101,22627.71029
438,2181,1112,987,75,746,92,20871.29569
439,1681,775,896,66,540,98,12263.23741
440,2005,1079,969,54,750,94,17295.35786
441,2121,976,1055,78,562,96,20268.98426
442,1965,1316,678,59,738,102,17756.47583
443,2042,991,516,72,917,96,17004.89543
444,1763,902,965,70,463,102,14565.45901
445,1678,934,568,71,693,97,14360.03699
446,2351,780,1141,75,796,104,18552.36226
447,2066,1323,526,70,837,104,19934.92409
448,1897,1041,158,72,1069,107,16151.04866
449,2081,849,535,65,1039,117,12519.49136
450,2515,1099,670,71,675,101,22517.01775
451,2090,1214,1274,69,764,103,19258.85388
452,2352,894,1005,73,470,104,20397.75487
453,2341,923,1193,73,533,107,18267.98204
454,1898,985,471,68,598,105,15277.07485
455,2190,499,1078,63,845,93,11969.80793
456,1837,1038,648,64,642,100,15290.73132
457,1631,1010,1016,65,988,104,14394.12333
458,1699,934,314,71,869,106,13053.54491
459,1962,744,1046,66,1072,98,13916.71923
460,2449,1266,724,70,1020,100,24953.29734
461,2026,885,753,75,820,89,20373.69205
462,1799,1033,1131,67,739,95,17157.74097
463,2057,1528,890,73,497,109,24032.19979
464,2174,852,825,69,905,94,16611.81074
465,1676,832,1005,68,774,105,12819.14244
466,1736,1038,577,67,865,97,15141.65557
467,1514,928,467,70,756,99,12820.02187
468,1682,876,1070,67,1103,99,14081.7442
469,1778,1102,1155,75,938,96,19679.35871
470,1927,1057,924,69,931,93,19163.16004
471,2352,731,798,73,628,105,16320.80709
472,2222,654,1154,78,744,95,18934.02214
473,2068,1149,837,72,651,99,20388.54419
474,1858,790,897,62,955,99,13295.97371
475,1989,761,829,63,742,105,13294.99605
476,2136,1309,988,68,933,97,21640.6778
477,1873,1018,507,74,414,102,19156.28117
478,2264,865,684,68,835,100,16908.73174
479,2274,1193,749,68,581,98,22554.74439
480,1708,1326,395,72,827,103,19259.60509
481,1813,1246,993,70,941,92,20421.15792
482,2301,747,854,70,687,99,15366.91178
483,1578,848,622,68,798,98,14220.2665
484,2104,1079,887,75,548,101,17488.07039
485,2058,658,843,69,660,94,15411.18605
486,2798,904,623,71,424,102,22196.29188
487,1317,996,815,72,769,95,12783.09043
488,1789,983,610,71,733,99,16557.45185
489,2168,1055,933,71,997,102,18913.46552
490,2418,1045,452,64,891,101,19682.52478
491,2209,1222,840,81,796,96,23843.10045
492,1642,986,1011,72,905,87,16849.11137
493,2559,792,851,63,643,105,15703.41475
494,1560,969,605,78,834,102,14695.0896
495,1721,947,528,68,478,102,13844.69635
496,1989,1009,394,77,464,103,17876.70415
497,2556,1370,914,74,988,109,24360.85681
498,2126,1141,846,68,815,101,19263.36084
499,2182,1447,814,70,1082,101,22885.83983
500,2432,1278,973,66,765,100,23448.01484
501,2246,1448,458,60,524,97,23758.04253
502,1693,658,934,65,620,99,10454.83418
503,2177,823,469,70,1108,98,17597.87339
504,1972,860,729,68,436,97,16087.81972
505,2445,922,273,73,633,103,21001.19693
506,1939,905,395,68,1056,100,13855.74502
507,1618,1114,619,64,768,95,16077.1946
508,2122,684,876,65,442,99,15385.15964
509,2088,868,856,58,740,92,15844.50628
510,1995,860,1033,74,889,96,16597.29417
511,1735,906,910,72,1013,102,15380.78966
512,1790,848,913,71,602,104,14285.60269
513,1996,1300,559,70,1171,103,19484.40451
514,2259,1192,516,71,797,102,23464.32414
515,1908,1059,649,66,913,103,14151.55373
516,1782,646,356,63,679,109,9108.235637
517,1323,1733,777,70,1057,96,18503.72928
518,2123,1233,741,67,1067,102,20074.83539
519,2106,1308,671,72,688,109,20648.60094
520,2327,527,846,73,656,92,18941.33062
521,2366,944,442,64,648,100,18459.27042
522,1964,1192,325,62,1113,100,19189.31116
523,2324,1096,942,76,907,97,23336.4435
524,2000,1152,556,64,841,92,20694.84512
525,1830,1147,580,64,998,101,17116.98811
526,1787,891,688,70,692,100,14753.21306
527,1913,937,606,63,746,93,18036.88897
528,2056,768,1107,71,985,94,17417.90508
529,1993,1271,1057,66,488,100,19991.60356
530,2050,514,812,76,929,104,13437.03686
531,2049,929,747,62,497,97,17908.22665
532,2178,1203,646,73,626,102,21764.4893
533,1931,948,1048,67,869,94,16423.4862
534,2408,1362,859,80,762,98,26535.5334
535,2109,1210,853,67,919,101,21098.46815
536,1701,783,425,64,582,100,12686.21796
537,1930,985,1019,67,724,91,18841.8944
538,2128,1002,649,70,773,100,17092.24948
539,1897,1067,885,68,858,109,15489.38993
540,2086,867,812,66,639,96,16477.57698
541,2108,845,1129,69,1261,108,13815.44492
542,2325,934,1137,70,596,102,18246.61404
543,1837,1228,1125,57,611,110,15118.34757
544,1995,1280,778,62,778,100,18880.94009
545,1858,849,771,61,573,106,12806.34541
546,1718,1013,824,74,696,106,16479.45469
547,1537,749,922,68,863,101,12856.3407
548,2048,810,792,68,919,108,14456.27528
549,2150,847,468,77,913,97,18626.89556
550,2159,670,577,64,637,93,15417.71035
551,1652,498,527,80,878,104,11784.21903
552,1717,1192,633,68,767,108,13589.40755
553,1714,1101,1123,62,625,98,15277.79183
554,1827,792,777,65,526,107,11496.03019
555,2042,1239,967,68,880,100,19689.75454
556,2148,1452,777,72,527,103,22404.93253
557,1796,362,1037,68,1299,102,5819.258467
558,1283,1287,345,65,632,103,12271.72301
559,2238,1306,682,64,990,101,22774.60576
560,2153,1038,778,73,1050,99,19596.86264
561,1824,869,894,69,1013,103,14325.94586
562,1731,724,742,71,1031,91,13537.99174
563,1925,780,748,69,1054,105,12381.01548
564,2027,840,1082,62,985,109,11056.6204
565,2180,473,956,74,820,95,14283.50309
566,2347,838,718,70,911,101,18474.8416
567,1787,1246,783,77,892,92,21910.68836
568,2072,811,972,78,667,94,20280.80668
569,2333,1391,395,70,879,95,25185.6627
570,1774,987,1011,68,538,96,15961.83454
571,1944,1027,1142,57,711,99,12970.2836
572,1557,1118,651,69,556,103,15415.35043
573,2071,765,813,69,632,97,15679.61032
574,1839,806,415,77,664,103,14611.46039
575,1768,894,770,66,1239,98,15443.58739
576,1805,1443,865,75,569,96,22518.0713
577,2111,1106,610,66,753,99,18291.20121
578,1459,976,774,68,722,97,15258.91547
579,1893,720,567,71,805,95,15805.71278
580,1746,978,776,73,458,95,18571.11053
581,1759,1098,740,69,687,95,18709.34724
582,2118,909,924,75,572,93,20105.44864
583,2087,778,987,78,1019,99,18594.86049
584,1973,763,1213,68,833,106,14245.24416
585,2134,945,1011,64,1034,95,17222.54662
586,1849,1085,697,69,937,99,17856.82812
587,1494,1242,753,75,1103,108,16118.63136
588,2288,666,1233,67,672,98,15242.52357
589,1942,799,503,70,567,104,14287.36537
590,1908,488,770,72,714,103,10809.25321
591,2039,1027,1398,68,839,90,20118.82631
592,2191,1179,705,66,600,96,23803.69737
593,2106,1063,502,68,903,96,19072.44509
594,2231,1307,870,74,665,102,24726.03532
595,2011,1145,483,62,875,106,15756.51494
596,1873,853,443,65,716,104,11298.81799
597,1924,1361,746,66,1031,101,19452.22752
598,2205,1110,503,62,628,91,20928.22445
599,1787,1144,684,66,772,103,17544.52623
600,1761,769,1114,83,676,94,18613.67507
601,2078,937,1291,63,852,94,16410.49696
602,2153,694,623,62,962,96,13939.47295
603,1577,981,691,64,914,96,13278.78279
604,2196,1341,864,67,677,106,20363.00025
605,2002,885,538,62,985,97,14197.80242
606,1954,1016,795,74,891,110,14918.13672
607,2276,1195,537,69,815,104,19739.28271
608,2369,603,595,62,641,97,16654.61263
609,1713,657,769,66,951,95,13035.01513
610,2252,768,777,68,501,101,15453.46322
611,1841,1075,1004,70,409,99,17924.65806
612,2033,1020,698,75,709,114,16284.27442
613,2120,1311,941,68,526,94,23724.74655
614,2033,691,372,61,859,105,10718.1096
615,1634,890,866,72,1124,97,12617.15857
616,1873,474,1011,67,694,112,9366.653245
617,2384,1404,785,64,748,101,24860.18989
618,2043,1271,764,75,950,100,21370.2762
619,1791,839,699,64,472,101,15364.76235
620,1836,936,836,75,493,106,15588.9046
621,2264,966,1006,69,1166,99,19052.84163
622,2086,1448,1034,74,694,105,21017.59791
623,1775,1009,858,73,755,108,17349.60341
624,2001,1103,673,68,1061,101,17778.05483
625,2149,1174,1232,80,954,103,20498.98491
626,2430,1172,1045,72,429,97,24796.8865
627,1779,582,568,66,1033,91,12988.04654
628,1905,1185,851,68,705,100,20317.30926
629,2249,768,390,69,642,98,17267.39229
630,1885,992,393,76,465,104,18363.784
631,2365,518,595,76,406,104,14955.94052
632,2260,1053,808,77,817,96,24283.29598
633,1585,748,658,79,968,93,15052.40223
634,2105,455,1107,71,457,102,11969.83229
635,1645,581,1321,70,484,96,12240.54648
636,1633,644,1027,75,971,100,13680.45926
637,2017,1137,1115,73,865,99,21069.3789
638,2014,1077,1015,73,896,95,19712.57037
639,1991,1171,1073,69,627,95,20757.20393
640,2316,867,1415,76,706,104,20622.98974
641,2073,1045,626,72,522,106,20135.20484
642,1831,1102,500,75,898,93,22379.72453
643,2029,978,1453,69,710,96,18346.80848
644,1871,723,656,69,630,98,15897.66625
645,1982,1282,475,65,938,102,18729.74116
646,1712,1417,536,74,689,109,18076.15758
647,1971,1504,987,63,961,97,22519.56934
648,2025,1223,664,63,731,101,18851.07838
649,1824,953,700,76,833,95,17357.71067
650,2010,968,723,56,856,106,13422.4919
651,1837,923,1028,73,943,100,15039.68443
652,1838,934,785,63,720,103,14034.13314
653,1948,987,1019,75,1005,97,18750.84212
654,2122,506,821,71,906,110,12410.49059
655,1948,1002,1088,70,1196,104,17032.56232
656,2047,1058,1004,72,559,101,19393.49152
657,2242,762,929,71,717,107,17076.91212
658,1928,560,979,67,890,104,10589.11082
659,1974,910,341,64,747,96,16072.77491
660,2127,219,773,70,1004,98,8936.227514
661,1685,1418,703,67,713,93,20616.91729
662,2135,1172,411,73,732,101,19989.82113
663,1866,755,845,64,756,98,13916.11396
664,1715,1003,954,61,777,103,12935.69502
665,1557,958,942,72,818,99,14948.11328
666,1821,584,626,76,541,100,11576.07702
667,1707,780,889,71,710,103,14599.40385
668,1705,1241,898,68,1011,99,16653.68594
669,2406,711,1257,69,1120,99,15769.89552
670,1696,812,520,75,858,90,15767.59209
671,2249,813,972,67,492,95,18358.27987
672,2136,1306,714,70,1086,100,21790.70404
673,1778,952,861,69,1029,106,13109.21047
674,1847,1138,516,70,792,96,18553.9997
675,1897,1192,580,75,878,103,18879.27176
676,2047,904,413,72,1022,102,17681.67422
677,1912,717,777,70,970,89,17224.40145
678,2206,1042,852,62,1029,100,18545.92006
679,1926,910,735,69,525,98,17096.33652
680,1458,1360,587,72,533,99,17344.3286
681,1975,870,952,71,735,106,13143.01672
682,1537,922,1030,65,615,90,14762.18605
683,2234,1170,730,66,985,103,19665.88231
684,1813,834,1153,66,941,92,16079.52467
685,1721,995,475,65,788,102,13977.84373
686,1852,1124,978,74,651,104,17073.44576
687,2146,898,998,74,465,102,18206.60091
688,1520,697,590,74,677,99,12900.15171
689,2063,1078,944,67,503,110,16489.61203
690,1756,930,971,69,657,99,16822.97806
691,1997,495,1093,72,744,95,12555.53459
692,2169,1067,894,74,798,109,17739.14805
693,2142,1032,579,69,901,103,18446.99213
694,2375,580,664,68,1046,91,16174.95248
695,2032,868,676,58,855,98,12734.17201
696,1824,956,1052,68,380,95,15440.22259
697,2538,860,650,66,639,106,17530.27083
698,1924,1137,509,72,960,97,17025.98727
699,2201,605,926,67,764,103,13699.37387
700,2232,761,1015,73,701,99,17496.2541
701,2113,887,1328,68,996,99,17470.13748
702,2356,1360,1002,65,779,102,23655.23302
703,1947,961,797,59,994,98,13777.34782
704,1692,744,840,65,737,98,12893.17411
705,1909,1384,570,72,930,100,22500.93279
706,1863,942,1351,67,724,94,15668.36317
707,2081,1137,605,71,902,88,22000.38387
708,1766,1280,831,57,887,94,15609.19285
709,2170,1102,992,70,777,108,18434.7359
710,1709,1325,411,68,1067,106,17393.14682
711,2438,802,1040,68,795,105,15501.26267
712,2362,1399,876,75,874,98,26766.60073
713,1887,544,762,71,995,100,11552.63409
714,2035,756,916,70,885,93,15757.64647
715,1906,853,682,80,745,102,17057.19868
716,1698,1058,235,68,507,91,19401.75117
717,1334,881,967,73,1024,96,12450.35271
718,1993,1145,686,68,381,99,20041.20196
719,1991,1105,1182,67,918,102,17726.47093
720,2410,1169,585,74,555,99,25276.02191
721,1501,1370,971,69,786,98,16592.70992
722,1834,643,940,66,783,99,13480.76268
723,2220,1242,788,68,445,91,23827.80473
724,2085,933,513,69,669,93,19136.2039
725,2030,799,846,72,544,96,17491.66005
726,1844,555,467,70,585,96,11926.42738
727,2050,787,609,70,758,98,15871.47545
728,1941,925,618,79,705,102,17134.13778
729,2028,514,1112,61,947,99,11029.17009
730,1855,909,397,68,596,95,17497.89799
731,2297,1127,585,69,642,101,20946.68449
732,2264,675,460,63,807,103,11184.32544
733,2334,998,899,82,428,94,22380.14213
734,1908,663,925,67,766,100,13563.25147
735,1923,987,1237,75,750,107,15411.98054
736,1912,1223,614,67,609,94,21084.77411
737,2343,455,1214,66,689,102,14164.19853
738,1925,1576,926,64,471,96,23297.63778
739,2024,708,854,64,643,94,14756.66176
740,2095,1235,997,56,721,100,17244.50468
741,2169,1519,553,73,706,109,23725.85376
742,1933,764,746,67,652,98,13990.92366
743,2586,831,634,70,370,91,20615.90679
744,1768,1255,1339,68,826,95,18496.42688
745,1643,795,599,71,554,96,15877.69743
746,2010,760,821,65,750,98,15133.76275
747,2441,1395,924,68,809,97,24885.66909
748,2013,1441,240,72,880,97,23849.52871
749,2027,943,959,72,777,105,16264.36041
750,2215,1570,322,69,686,105,23548.82598
751,1975,1475,902,61,601,97,22098.88171
752,2025,982,356,73,1007,101,17949.54029
753,2302,796,633,73,811,105,16313.88561
754,2023,831,822,78,570,101,16193.85628
755,1811,1350,626,61,425,100,17820.00793
756,2098,1135,495,71,892,106,19484.7257
757,1727,1160,1270,69,857,97,18473.79473
758,1635,996,853,76,1016,97,18468.3252
759,1969,1045,1297,70,1018,102,19008.0657
760,1724,877,631,63,1251,95,12841.97696
761,2145,1283,677,66,542,99,23001.84598
762,1963,918,1286,72,555,107,15841.05729
763,1808,1497,813,65,499,111,17665.1429
764,2405,1146,791,58,681,100,19940.83771
765,1972,1247,1100,79,953,100,21392.35318
766,2355,1368,640,71,881,90,24512.79054
767,1971,988,468,73,994,103,17239.18966
768,1917,558,890,66,527,94,14028.70739
769,2093,847,686,68,797,99,15740.1805
770,2257,1148,764,59,896,102,18248.03584
771,2676,1300,930,78,831,93,29732.81422
772,1741,1052,404,73,1043,108,14920.47968
773,1954,1209,407,65,632,102,19945.47867
774,2269,1235,1092,71,924,107,20003.74727
775,2085,1257,803,72,831,96,22749.41574
776,1953,1186,1055,65,881,96,18830.69991
777,1674,952,761,65,484,109,11716.3464
778,1930,1256,936,73,967,100,18281.52798
779,1953,873,913,72,944,101,15711.00409
780,1979,1087,599,74,826,108,18505.83875
781,2403,872,1106,68,730,100,19776.54206
782,1884,1119,1015,67,1115,101,16156.71043
783,1605,1125,842,74,760,103,16783.72208
784,2124,973,795,72,882,93,20850.9718
785,1972,1006,1379,72,689,99,18869.03151
786,1948,1108,387,58,764,96,15776.02704
787,2158,717,551,60,284,108,14104.78767
788,1273,1255,1224,67,602,98,13363.10216
789,1861,1067,757,69,1036,102,17116.38978
790,1961,1137,367,74,737,99,21907.37388
791,2151,957,704,71,542,102,19025.00078
792,1934,530,957,66,488,101,10197.16505
793,1748,1187,1091,64,870,102,16419.12751
794,2093,934,924,81,595,97,19604.51782
795,2004,1154,649,74,1316,100,19246.85169
796,2027,1511,414,72,1045,95,24010.78913
797,2289,711,1205,74,1016,97,18301.32581
798,1864,1338,793,69,825,104,18540.75549
799,1687,908,651,64,575,101,14253.2629
800,1679,985,667,66,857,99,14538.44389
801,1744,866,1028,64,927,98,12299.19718
802,1653,875,444,82,780,94,17077.35973
803,1987,712,714,64,638,105,12835.38257
804,2452,1031,1113,66,1121,99,19449.45168
805,1975,1118,939,72,882,100,19507.21101
806,2194,953,914,68,719,107,16403.58639
807,1724,595,850,61,822,99,12861.3803
808,1944,899,620,71,930,104,14332.60109
809,2141,1103,772,64,1013,90,19955.29124
810,1911,819,589,63,423,103,12991.11837
811,2196,852,1003,64,511,106,15945.28073
812,2173,707,900,76,892,98,18042.60157
813,1841,1147,682,69,919,103,18042.77617
814,1807,832,1088,72,623,100,14104.51721
815,2589,1791,1172,67,872,99,33766.69151
816,1951,1253,1055,69,461,101,19220.70455
817,2001,958,1044,69,707,104,17920.97879
818,1986,1000,676,79,1005,103,18655.02232
819,1857,820,1067,85,824,97,18028.42726
820,1768,1070,498,73,951,99,18845.61123
821,1716,1001,1055,64,602,91,17494.40574
822,2228,567,1155,67,828,102,14261.44081
823,1753,539,896,69,492,103,12117.96874
824,2166,1150,776,71,805,98,22169.9181
825,2351,420,665,65,595,99,12558.1137
826,2289,904,470,72,448,99,19368.31343
827,1965,1413,743,72,622,100,22501.98986
828,1865,584,760,68,1192,100,10485.66641
829,1730,1073,1098,72,701,108,16001.38345
830,1995,1392,528,60,702,111,16359.81258
831,1941,1127,771,70,693,96,19618.29156
832,2039,1321,694,73,658,104,21569.39927
833,1848,758,715,67,642,106,13768.87334
834,2157,1158,965,66,808,98,18349.56246
835,2178,1045,809,68,767,106,18985.15585
836,2268,1337,824,78,941,103,25050.54995
837,2562,1621,914,68,934,105,28136.7432
838,2049,1028,407,69,888,110,16016.39761
839,1856,1273,772,63,773,101,16434.84166
840,1980,899,829,74,847,103,14716.64577
841,1593,910,728,67,1022,103,11253.62427
842,2032,861,1001,77,778,102,17445.95987
843,1893,661,439,64,808,94,13892.18789
844,2101,1018,98,72,440,106,18432.93205
845,1932,990,498,61,589,104,14044.59453
846,1654,1180,917,77,876,101,17227.07103
847,2009,946,1239,71,501,110,14439.7387
848,1661,771,1190,75,786,98,14608.84212
849,2224,967,445,73,727,97,19006.99069
850,1542,1460,589,79,969,102,20293.29187
851,1964,1112,1070,79,887,92,22672.64846
852,2114,1068,798,64,693,99,18278.78856
853,1620,1264,913,73,988,100,17991.17429
854,2349,1448,982,66,860,107,24340.23496
855,1778,1427,1068,68,811,94,22534.8383
856,1873,892,1209,63,1035,100,14105.27043
857,2040,980,833,70,858,95,18225.11884
858,1915,909,807,63,1029,105,14415.34152
859,1741,949,299,66,769,102,14836.0444
860,2102,1112,995,69,927,91,21851.07157
861,1868,880,766,66,982,96,16802.64631
862,2126,708,449,70,667,106,13430.96205
863,1873,940,830,74,741,103,16013.42406
864,1760,1362,911,67,507,99,18668.83334
865,1976,1463,469,71,778,101,22600.33135
866,2162,899,666,68,656,101,14651.41548
867,2060,1206,835,71,740,104,21124.36781
868,1985,967,505,71,678,103,17974.09292
869,1513,969,806,73,724,94,15897.87578
870,2362,831,817,71,695,104,15506.99938
871,1990,605,1193,61,676,98,11919.37973
872,1784,1450,1128,63,712,106,18707.7485
873,1949,1200,613,75,1072,101,21718.63591
874,2065,551,1232,66,610,98,14774.644
875,1620,913,971,71,980,94,15434.26162
876,2179,1388,359,69,639,99,22721.97091
877,2061,1026,546,70,861,100,19751.58389
878,2300,1048,595,79,617,101,23493.56912
879,2246,1212,760,63,584,102,21679.58465
880,1865,1247,662,76,889,100,21284.44401
881,1877,1156,495,71,760,103,15440.27679
882,1751,1103,487,70,498,105,16345.9709
883,1909,1368,1130,66,945,98,19753.39467
884,2236,1427,843,74,683,102,25299.57541
885,2448,1057,835,72,828,102,21995.03286
886,2232,947,787,70,872,96,19720.93047
887,1542,1003,989,64,557,100,13299.30089
888,2205,1087,934,74,664,99,21133.91166
889,2259,830,888,68,1113,106,15093.90067
890,2154,1160,1411,68,923,99,19936.30247
891,1786,677,681,75,512,101,14538.73228
892,2266,1556,1010,73,737,102,25780.05932
893,2182,379,1123,67,570,105,9027.226719
894,2165,1043,866,72,1008,107,17672.75932
895,1904,985,474,65,798,88,17377.57092
896,2211,1136,695,73,741,98,22268.04856
897,2027,897,933,65,1002,99,15083.67179
898,1983,1600,665,60,1022,94,23604.13201
899,2371,963,851,78,341,104,20395.64856
900,2189,1005,668,68,931,102,18205.83999
901,1281,1281,936,73,720,94,16058.23716
902,1893,1174,1138,64,941,95,17157.07241
903,1628,1045,623,69,631,100,15707.29315
904,2147,957,508,73,925,94,20005.79927
905,1889,941,635,75,626,102,18648.69802
906,2225,661,772,73,863,93,17449.40654
907,2116,1157,619,72,552,97,22682.5856
908,2005,1111,478,68,815,107,17921.35436
909,1978,738,1236,71,1217,112,11742.86028
910,1909,953,665,73,1042,103,14693.04514
911,2049,1321,1037,63,977,104,18947.07012
912,1722,1318,562,69,591,108,16584.19033
913,2168,694,695,66,1062,102,14203.93056
914,1901,1200,903,63,971,95,18225.59507
915,1814,1031,756,75,690,98,20277.7172
916,1918,1097,999,75,733,97,18337.03894
917,2468,781,925,68,678,94,19548.8212
918,1560,948,829,66,965,91,15661.03058
919,1912,485,735,75,627,100,14042.20066
920,2026,815,465,70,731,98,14942.35893
921,1865,923,599,66,574,100,16436.9917
922,1897,1325,506,67,945,93,21309.38862
923,2095,735,757,59,499,103,13098.80047
924,2055,1075,802,68,554,101,18211.58667
925,1831,1022,961,81,493,97,18017.27331
926,2141,659,654,68,673,99,13686.16959
927,2044,1070,586,65,857,98,16624.91876
928,2171,1395,807,74,527,101,25066.95433
929,1668,1235,728,71,1096,94,18525.80602
930,1808,1282,787,72,841,102,19342.82756
931,1951,946,1434,67,710,94,16049.99597
932,2239,1239,1066,68,811,104,21178.91062
933,1867,407,628,72,882,106,10636.10742
934,1741,686,1014,64,834,98,10637.90662
935,2192,956,620,73,850,104,17998.90069
936,2116,1027,372,72,800,100,17954.32087
937,1693,1129,1120,65,875,89,18270.51646
938,2511,1180,836,71,776,101,24239.45781
939,2374,885,814,65,752,95,19551.524
940,1652,879,622,70,499,94,16547.92642
941,2538,912,1110,71,1044,106,17986.4329
942,1567,859,848,66,681,99,13837.11226
943,2025,968,1124,64,967,108,14994.33061
944,1714,1219,887,66,681,97,17535.56591
945,1905,1115,941,67,1053,99,16908.25301
946,1912,890,583,68,619,99,16784.57182
947,2080,826,860,67,698,97,16769.75456
948,1718,973,534,66,782,97,15721.97303
949,1310,948,194,73,807,102,11145.96089
950,1976,1304,1035,63,938,94,21342.69085
951,1813,432,1158,74,1120,104,11932.8559
952,2052,756,904,73,967,90,16610.31506
953,1787,1155,867,66,779,93,19200.78344
954,2198,1165,896,75,782,95,21844.04107
955,2007,837,343,69,435,98,17231.11643
956,2150,947,555,68,904,101,16859.32465
957,1751,1449,635,67,931,91,22122.08575
958,1947,725,754,70,1106,99,13458.87065
959,2086,1444,891,67,678,97,24809.85821
960,1977,1079,1108,60,549,106,16214.44279
961,2413,1262,1193,64,810,105,20828.17728
962,1509,868,809,70,636,101,13804.48252
963,2189,719,962,77,558,95,16620.32068
964,2003,1099,732,73,637,95,20081.50826
965,2236,1105,839,74,774,96,21876.66742
966,1975,893,1023,72,885,105,15390.60131
967,1315,780,918,74,905,106,10326.54998
968,2105,1324,677,77,968,100,23745.73257
969,1945,665,963,64,775,94,13679.71642
970,1752,1357,1012,61,560,102,17508.90972
971,1835,851,640,69,859,96,15549.02236
972,2013,529,928,65,853,99,11539.74177
973,2613,1545,1039,61,702,96,26470.9616
974,2047,1094,1002,71,756,99,20036.19667
975,1755,732,755,63,764,101,10644.10881
976,2475,906,1006,85,865,99,22577.89294
977,1890,801,1135,70,548,98,15717.09762
978,1792,1078,550,73,823,99,16999.07617
979,1688,1033,255,73,1057,93,17462.50198
980,1831,689,1028,65,475,96,13111.26386
981,2483,1064,603,69,674,97,23389.96371
982,2226,831,617,64,979,100,16616.24698
983,2184,1158,994,71,1339,91,18913.82768
984,2036,1150,446,73,704,94,21897.36877
985,2070,991,874,69,953,100,18826.79004
986,2147,802,1389,57,479,97,16434.89289
987,2053,882,535,74,620,102,16605.08622
988,2038,746,692,67,806,97,13109.0706
989,2238,1208,918,77,463,99,24581.39197
990,1958,1338,842,71,919,100,21507.95181
991,2063,1012,520,67,1115,94,19759.49815
992,1775,1084,853,65,457,97,16735.91408
993,2395,947,712,70,1091,98,20338.34603
994,2348,1054,550,64,573,94,22622.83894
995,1546,1468,1060,73,557,99,21226.2126
996,1945,1065,1226,72,560,98,17065.91195
997,2137,1333,419,70,828,101,22886.88694
998,2120,1061,1086,75,721,97,20481.46468
999,2190,656,858,65,787,98,14613.95602
1000,1888,702,935,65,742,98,12709.78535
